編號,案類,發生(現)日期,發生時段,發生(現)地點,lat,long
1,自行車竊盜,1040101,16~18,台北市大安區住安里四維路124巷1-30號,25.0318503,121.5478463
2,自行車竊盜,1040104,07~09,台北市大安區敦煌里仁愛路四段266巷1-30號,25.0382984,121.5440218
3,自行車竊盜,1040106,13~15,台北市萬華區國興路1-30號,25.0236573,121.5085158
4,自行車竊盜,1040108,07~09,台北市北投區清江里三合街二段481-510號,25.1262794,121.5013501
5,自行車竊盜,1040108,16~18,台北市松山區延壽街391-420號,25.0564796,121.5575652
6,自行車竊盜,1040109,04~06,台北市南港區三重里南港路一段南港展覽館站,25.0554052,121.6178521
7,自行車竊盜,1040109,13~15,台北市內湖區金湖里康寧路三段31-60號,25.0728127,121.6070777
8,自行車竊盜,1040109,13~15,台北市北投區大同里光明路1-30號,25.131841,121.498633
9,自行車竊盜,1040110,04~06,台北市內湖區康寧路三段31-60號,25.0728127,121.6070777
10,自行車竊盜,1040110,10~12,台北市松山區三民路121-150號,25.061144,121.5633312
11,自行車竊盜,1040110,16~18,台北市萬華區西昌街29巷1-30號,25.042786,121.500814
12,自行車竊盜,1040111,07~09,台北市南港區東明里東明街31-60號,25.0551019,121.603242
13,自行車竊盜,1040111,07~09,台北市南港區東明里東明街31-60號,25.0551019,121.603242
14,自行車竊盜,1040111,07~09,台北市南港區東明里東明街31-60號,25.0551019,121.603242
15,自行車竊盜,1040111,07~09,台北市南港區東明里東明街31-60號,25.0551019,121.603242
16,自行車竊盜,1040111,07~09,台北市南港區東明里東明街31-60號,25.0551019,121.603242
17,自行車竊盜,1040111,07~09,台北市萬華區萬大路387巷1-30號,25.0327132,121.5006447
18,自行車竊盜,1040111,13~15,台北市北投區大同里光明路1-30號,25.131841,121.498633
19,自行車竊盜,1040113,10~12,台北市中正區忠孝東路一段31-60號,25.0445321,121.5255064
20,自行車竊盜,1040115,07~09,台北市信義區中行里福德街221巷4弄1-30號,25.0382612,121.5849962
21,自行車竊盜,1040116,04~06,台北市松山區撫遠街361-390號,25.0630373,121.5659472
22,自行車竊盜,1040117,16~18,台北市大安區仁慈里仁愛路四段1-30號,25.0382984,121.5440218
23,自行車竊盜,1040118,07~09,台北市萬華區西園路二段91-120號,25.030491,121.496799
24,自行車竊盜,1040119,07~09,台北市信義區大道里忠孝東路五段781-810號,25.0439499,121.581816
25,自行車竊盜,1040120,10~12,台北市信義區西村里松壽路1-30號,25.035706,121.568053
26,自行車竊盜,1040121,10~12,台北市內湖區南湖里東湖捷運站,25.067247,121.611504
27,自行車竊盜,1040121,10~12,台北市內湖區港墘里內湖路一段661-690號,25.0802328,121.575526
28,自行車竊盜,1040122,22~24,台北市北投區一德里中央北路四段577巷27弄1-30號,25.1265373,121.4678015
29,自行車竊盜,1040123,16~18,台北市南港區東明里南港路二段1-30號,25.0543068,121.6053326
30,自行車竊盜,1040123,16~18,台北市南港區東明里南港路二段與興華路口,25.0542865,121.6062046
31,自行車竊盜,1040123,19~21,台北市北投區東華里東華街二段301-330號,25.1208763,121.5062194
32,自行車竊盜,1040123,19~21,台北市北投區石牌里自強街91-120號,25.1107991,121.5156318
33,自行車竊盜,1040123,22~24,台北市松山區三民路62巷1-30號,25.0546655,121.5640334
34,自行車竊盜,1040124,22~24,台北市中正區黎明里市民大道一段台北捷運站,25.0464924,121.5172895
35,自行車竊盜,1040125,10~12,台北市中正區東門里愛國東路上,25.0335951,121.5199046
36,自行車竊盜,1040125,10~12,台北市南港區鴻福里成福路31-60號,25.0446815,121.5865538
37,自行車竊盜,1040125,13~15,台北市萬華區西園路二段211-240號,25.0271608,121.4942961
38,自行車竊盜,1040126,10~12,台北市信義區忠孝東路五段市府捷運站,25.0409614,121.5650821
39,自行車竊盜,1040126,13~15,台北市萬華區寶興街121-150號,25.0252155,121.4948481
40,自行車竊盜,1040127,16~18,台北市北投區桃源里中央北路三段53巷1-30號,25.1383699,121.4859133
41,自行車竊盜,1040128,04~06,台北市文山區興邦里興隆路二段181-210號,25.0006761,121.5492489
42,自行車竊盜,1040128,13~15,台北市大安區信義路敦化南路口,25.0333505,121.5485602
43,自行車竊盜,1040129,16~18,台北市大安區敦煌里安和路一段61-90號,25.0375068,121.551568
44,自行車竊盜,1040130,10~12,台北市萬華區西園路二段241-270號,25.0264692,121.4934782
45,自行車竊盜,1040130,16~18,台北市北投區一德里大度路三段296巷31-60號,25.1242089,121.46677
46,自行車竊盜,1040131,16~18,台北市中山區松江路361-390號,25.0636359,121.533545
47,自行車竊盜,1040201,19~21,台北市松山區慶城街1-30號,25.0528006,121.544604
48,自行車竊盜,1040204,19~21,台北市大同區星明里寧夏路1-30號,25.0559146,121.5151271
49,自行車竊盜,1040205,07~09,台北市北投區關渡里關渡路61-90號,25.118642,121.468816
50,自行車竊盜,1040205,16~18,台北市北投區榮光里致遠一路二段31-60號,25.1120478,121.5138922
51,自行車竊盜,1040205,19~21,台北市信義區長春里虎林街82巷31-60號,25.0432781,121.5759586
52,自行車竊盜,1040207,13~15,台北市士林區中山北路五段61-90號,25.0836293,121.5256097
53,自行車竊盜,1040210,10~12,台北市信義區安康里信義路五段象山捷運站,25.032765,121.570354
54,自行車竊盜,1040212,07~09,台北市文山區景慶里景福街223巷口,24.9945343,121.5378232
55,自行車竊盜,1040215,10~12,台北市北投區開明里中和街241-270號,25.1402164,121.5006506
56,自行車竊盜,1040215,13~15,台北市松山區南京東路五段211-240號,25.05189,121.5578
57,自行車竊盜,1040216,19~21,台北市大安區敦煌里仁愛路四段266巷,25.0370522,121.5529221
58,自行車竊盜,1040217,01~03,台北市文山區興得里興隆路三段211-240號,24.994676,121.559772
59,自行車竊盜,1040217,10~12,台北市大安區古莊里羅斯福路三段91-120號,25.022693,121.526267
60,自行車竊盜,1040218,07~09,台北市內湖區瑞光里瑞光路112巷58弄,25.0743126,121.5782777
61,自行車竊盜,1040218,22~24,台北市萬華區西門站,25.0456572,121.5077373
62,自行車竊盜,1040219,10~12,台北市信義區安康里虎林街164巷58弄1-30號,25.0381194,121.5747779
63,自行車竊盜,1040220,19~21,台北市北投區榮光里石牌路一段181-210號,25.1149781,121.5145635
64,自行車竊盜,1040222,13~15,台北市大安區辛亥路一段61-90號,25.0203674,121.5296774
65,自行車竊盜,1040222,13~15,台北市中山區圓山捷運站2號出口,25.071353,121.520118
66,自行車竊盜,1040225,04~06,台北市大安區黎孝里和平東路三段271-300號,25.0223056,121.5550507
67,自行車竊盜,1040225,10~12,台北市信義區基隆路二段31-60號,25.0315728,121.5589678
68,自行車竊盜,1040226,22~24,台北市文山區樟腳里木新路三段95巷31-60號,24.9824267,121.5645888
69,自行車竊盜,1040228,16~18,台北市南港區新富里忠孝東路七段631-660號,25.053385,121.615939
70,自行車竊盜,1040301,01~03,台北市大安區光信里5鄰光復南路421-450號,25.0356774,121.5572767
71,自行車竊盜,1040306,10~12,台北市文山區景華里三福街1-30號,24.9971944,121.5424725
72,自行車竊盜,1040306,13~15,台北市中山區錦州街331-360號,25.0603321,121.5389115
73,自行車竊盜,1040307,10~12,台北市松山區南京東路三段331-360號,25.0519952,121.5475148
74,自行車竊盜,1040308,07~09,台北市大安區法治里通化街181-210號,25.0270564,121.553446
75,自行車竊盜,1040308,22~24,台北市南港區東明里家樂福前,25.052979,121.6004967
76,自行車竊盜,1040314,13~15,台北市南港區合成里忠孝東路六段451-480號,25.0504707,121.5932908
77,自行車竊盜,1040315,04~06,台北市大安區古莊里羅斯福路二段101巷1-30號,25.0246043,121.526585
78,自行車竊盜,1040315,07~09,台北市大安區和平東路一段151-180號,25.026505,121.531087
79,自行車竊盜,1040316,19~21,台北市大安區學府里羅斯福路四段1-30號,25.0169587,121.5338507
80,自行車竊盜,1040317,10~12,台北市大安區華聲里市民大路四段211-240號,25.0446729,121.5569302
81,自行車竊盜,1040318,07~09,台北市北投區清江里三合街二段481-510號,25.1262794,121.5013501
82,自行車竊盜,1040318,10~12,台北市松山區松河街91-120號,25.0509387,121.5746133
83,自行車竊盜,1040318,16~18,台北市大安區福住里新生南路二段1-30號,25.0316869,121.53299
84,自行車竊盜,1040319,07~09,台北市南港區新富里研究院路一段31-60號,25.053728,121.616586
85,自行車竊盜,1040319,10~12,台北市士林區中山北路五段61-90號,25.0836293,121.5256097
86,自行車竊盜,1040320,10~12,台北市信義區忠孝東路五段391-420號,25.040697,121.575354
87,自行車竊盜,1040321,13~15,台北市大安區黎和里和平東路三段391-420號,25.0179649,121.559243
88,自行車竊盜,1040322,16~18,台北市大安區古莊里羅斯福路二段101巷1-30號,25.0246043,121.526585
89,自行車竊盜,1040323,10~12,台北市大安區敦安里敦化南路一段295巷31-60號,25.03548,121.5502533
90,自行車竊盜,1040327,13~15,台北市中正區建國里博愛路121-150號,25.0391867,121.5111959
91,自行車竊盜,1040328,19~21,台北市中山區大直捷運站1號出口旁,25.079476,121.546894
92,自行車竊盜,1040329,10~12,台北市中正區水源里羅斯福路四段52巷16弄口,25.0142965,121.5339266
93,自行車竊盜,1040329,13~15,台北市中正區文盛里汀州路三段151-180號,25.015872,121.53136
94,自行車竊盜,1040329,16~18,台北市南港區東新里興南街64巷4弄1-30號,25.0559083,121.6017373
95,自行車竊盜,1040331,10~12,台北市萬華區艋舺大道181-210號,25.0277865,121.4903886
96,自行車竊盜,1040402,07~09,台北市大安區古莊里浦城街6巷1-30號,25.0240919,121.5267202
97,自行車竊盜,1040405,16~18,台北市中山區敬業三路121-150號,25.0817744,121.5558025
98,自行車竊盜,1040405,22~24,台北市內湖區湖元里舊宗路二段內湖運動公園,25.067763,121.573841
99,自行車竊盜,1040405,22~24,台北市大同區南芳里延平北路二段241-270號,25.0620649,121.511392
100,自行車竊盜,1040407,07~09,台北市大安區龍泉里師大路1-30號,25.026164,121.5285658
101,自行車竊盜,1040408,22~24,台北市大安區敦安里8鄰安和路一段78巷1-30號,25.1149781,121.5145635
102,自行車竊盜,1040409,19~21,台北市北投區榮光里石牌路一段181-210號,25.0350979,121.5522122
103,自行車竊盜,1040410,04~06,台北市文山區萬祥里興隆路一段102巷1-30號,25.0026795,121.5410709
104,自行車竊盜,1040410,07~09,台北市大同區鄰江里酒泉街228巷,25.0719687,121.5099659
105,自行車竊盜,1040412,01~03,台北市大安區昌隆里忠孝東路三段217巷5弄1-30號,25.0421106,121.5382778
106,自行車竊盜,1040412,10~12,台北市文山區興邦里興隆路二段241-270號,25.0018526,121.5514028
107,自行車竊盜,1040414,10~12,台北市北投區福興里自強街5巷31-60號,25.111842,121.512257
108,自行車竊盜,1040415,07~09,台北市大同區建泰里南京西路91-120號,25.0532054,121.5177198
109,自行車竊盜,1040415,07~09,台北市萬華區東園街28巷1-30號,25.026999,121.49555
110,自行車竊盜,1040415,10~12,台北市大安區福住里永康街31-60號,25.0310459,121.529585
111,自行車竊盜,1040415,13~15,台北市中山區農安街227巷31-60號,25.0650101,121.5248968
112,自行車竊盜,1040417,10~12,台北市士林區福德里福德路1-30號,25.0917765,121.5241428
113,自行車竊盜,1040420,01~03,台北市文山區興業里興隆路二段220巷31-60號,24.9994825,121.5523088
114,自行車竊盜,1040421,10~12,台北市大安區基隆路三段156巷,25.0169001,121.5416945
115,自行車竊盜,1040421,16~18,台北市文山區景東里景華街104巷口,24.9948568,121.5463487
116,自行車竊盜,1040426,04~06,台北市大同區雙連里重慶北路歸綏街,25.0582066,121.5137168
117,自行車竊盜,1040427,13~15,台北市大安區龍門里建國南路二段241-270號,25.024681,121.537899
118,自行車竊盜,1040427,13~15,台北市南港區聯成里忠孝東路六段301-330號,25.0494916,121.590903
119,自行車竊盜,1040428,10~12,台北市信義區永吉路331-360號,25.045661,121.5757758
120,自行車竊盜,1040501,01~03,台北市大安區德安里四維路76巷,25.0342725,121.5471942
121,自行車竊盜,1040501,16~18,台北市大安區福住里新生南路二段31-60號,25.028465,121.534133
122,自行車竊盜,1040501,22~24,台北市信義區六合里信義路五段150巷271-300號,25.0240727,121.5714702
123,自行車竊盜,1040503,13~15,台北市松山區撫遠街391-420號,25.0649522,121.5657183
124,自行車竊盜,1040503,19~21,台北市中正區黎明里市民大道,25.0487351,121.5161927
125,自行車竊盜,1040507,19~21,台北市文山區樟文里忠順街一段1-30號,24.9832325,121.5584562
126,自行車竊盜,1040507,22~24,台北市文山區樟樹里木新路三段151-180號,24.9816598,121.5605426
127,自行車竊盜,1040509,13~15,台北市士林區蘭雅里德行東路109巷61-90號,25.1104443,121.5288078
128,自行車竊盜,1040509,19~21,台北市中正區臺大醫院捷運站,25.041256,121.51604
129,自行車竊盜,1040510,10~12,台北市士林區義信里中山北路五段61-90號,25.0841405,121.5257614
130,自行車竊盜,1040510,13~15,台北市信義區松友里信義路六段72巷2弄31-60號,25.0347799,121.576507
131,自行車竊盜,1040510,22~24,台北市萬華區青年路106巷1-30號,25.0226568,121.5022132
132,自行車竊盜,1040511,04~06,台北市文山區興邦里興隆路二段181-210號,25.0006761,121.5492489
133,自行車竊盜,1040513,10~12,台北市萬華區貴陽街151-180號,25.0402787,121.5009376
134,自行車竊盜,1040516,22~24,台北市大安區龍門里新生南路二段1-30號,25.0310609,121.535552
135,自行車竊盜,1040517,16~18,台北市中正區文祥里金山南路一段101巷1-30號,25.0353459,121.5260183
136,自行車竊盜,1040517,16~18,台北市大同區大龍街1-30號,25.0632657,121.5160497
137,自行車竊盜,1040518,16~18,台北市信義區安康里松德路興雅國中校門口,25.0361376,121.5746617
138,自行車竊盜,1040519,19~21,台北市士林區義信里中山北路五段61-90號,25.0841405,121.5257614
139,自行車竊盜,1040520,07~09,台北市大安區龍圖里信義路三段181-210號,25.033308,121.5424282
140,自行車竊盜,1040521,13~15,台北市中正區中正紀念堂,25.0356791,121.5196742
141,自行車竊盜,1040526,07~09,台北市中山區撫順公園,25.064559,121.522039
142,自行車竊盜,1040527,16~18,台北市內湖區港墘里內湖路一段629巷31-60號,25.0851795,121.5587262
143,自行車竊盜,1040528,13~15,台北市士林區中山北路五段61-90號,25.0836293,121.5256097
144,自行車竊盜,1040529,01~03,台北市中正區黎明里武昌街一段1-30號,25.044166,121.513572
145,自行車竊盜,1040529,04~06,台北市文山區萬興里指南路二段1-30號,24.9877767,121.57469
146,自行車竊盜,1040529,07~09,台北市文山區木柵里木柵路三段85巷14弄1-30號,24.988599,121.56453
147,自行車竊盜,1040530,10~12,台北市松山區民生東路五段36巷6弄1-30號,25.0585411,121.5556772
148,自行車竊盜,1040530,16~18,台北市北投區吉利里致遠二路61-90號,25.1167925,121.5123539
149,自行車竊盜,1040601,01~03,台北市大同區建泰里南京西路18巷1-30號,25.0525979,121.5198723
150,自行車竊盜,1040601,04~06,台北市大安區芳和里樂業街94巷1-30號,25.0213811,121.5513314
151,自行車竊盜,1040602,13~15,台北市北投區泉源里東昇路91-120號,25.1581079,121.531615
152,自行車竊盜,1040603,10~12,台北市大安區學府里16鄰羅斯福路四段1-30號,25.0169587,121.5338507
153,自行車竊盜,1040604,07~09,台北市北投區立農里立農街一段279巷2弄1-30號,25.1197303,121.5061312
154,自行車竊盜,1040604,13~15,台北市信義區廣居里忠孝東路五段451-480號,25.040586,121.577617
155,自行車竊盜,1040604,22~24,台北市中正區幸福里忠孝東路一段84巷,25.0439604,121.5240873
156,自行車竊盜,1040605,04~06,台北市大安區光明里杭州南路二段9巷1-30號,25.0347679,121.5241816
157,自行車竊盜,1040606,01~03,台北市大安區錦安里7鄰金山南路二段185巷1-30號,25.028457,121.526634
158,自行車竊盜,1040607,10~12,台北市北投區關渡里知行路301-330號,25.1220973,121.4671994
159,自行車竊盜,1040609,01~03,台北市士林區社園里延平北路六段151-180號,25.0895712,121.5060539
160,自行車竊盜,1040609,04~06,台北市內湖區康樂街136巷29弄31-60號,25.072837,121.617992
161,自行車竊盜,1040609,16~18,台北市信義區松智路與松廉路口,25.034667,121.565559
162,自行車竊盜,1040609,19~21,台北市文山區明義里木柵路二段31-60號,24.988851,121.559671
163,自行車竊盜,1040610,01~03,台北市北投區福興里自強街31巷31-60號,25.1112364,121.5124629
164,自行車竊盜,1040610,01~03,台北市北投區福興里自強街31巷31-60號,25.1112364,121.5124629
165,自行車竊盜,1040613,04~06,台北市松山區南京東路五段291巷47弄,25.0536485,121.5669249
166,自行車竊盜,1040613,10~12,台北市中山區新生北路三段31-60號,25.0646869,121.5280576
167,自行車竊盜,1040613,13~15,台北市北投區榮華里東華街一段48巷1-30號,25.1080486,121.5203401
168,自行車竊盜,1040613,16~18,台北市中正區東門里信義路一段1-30號,25.0382335,121.5192914
169,自行車竊盜,1040613,22~24,台北市南港區九如里研究院路二段211-240號,25.036402,121.6174355
170,自行車竊盜,1040614,22~24,台北市文山區景東里景華街82巷1-30號,24.9950752,121.5453899
171,自行車竊盜,1040615,16~18,台北市大安區敦安里6鄰仁愛路四段121-150號,25.0376643,121.5499264
172,自行車竊盜,1040616,22~24,台北市大安區龍泉里師大路1-30號,25.026164,121.5285658
173,自行車竊盜,1040619,04~06,台北市中山區松江路301-330號,25.0611915,121.5334002
174,自行車竊盜,1040619,04~06,台北市內湖區民權東路六段296巷31-60號,25.0671158,121.5790779
175,自行車竊盜,1040622,07~09,台北市南港區合成里忠孝東路六段1-30號,25.045578,121.582655
176,自行車竊盜,1040623,07~09,台北市南港區合成里昆陽捷運站旁停車場,25.0505117,121.5932518
177,自行車竊盜,1040623,07~09,台北市大安區和平東路三段181-210號,25.0232043,121.5536534
178,自行車竊盜,1040623,07~09,台北市南港區昆陽捷運站腳踏車停車場,25.0505117,121.5932518
179,自行車竊盜,1040625,04~06,台北市信義區興雅里永吉路30巷121-150號,25.042688,121.568629
180,自行車竊盜,1040625,13~15,台北市信義區興雅里松高路1-30號,25.0396333,121.5642112
181,自行車竊盜,1040629,19~21,台北市北投區吉利里西安街一段,25.1111719,121.5175293
182,自行車竊盜,1040630,13~15,台北市大同區玉泉里鄭州路121-150號,25.050352,121.510919
183,自行車竊盜,1040701,19~21,台北市松山區南京東路五段三民路捷運三民南京站,25.0514855,121.5632617
184,自行車竊盜,1040701,22~24,台北市中正區文盛里羅斯福路四段1-30號,25.0154208,121.5333586
185,自行車竊盜,1040702,19~21,台北市文山區樟文里辛亥路七段69巷1-30號,24.9823677,121.5547905
186,自行車竊盜,1040702,19~21,台北市中正區三愛里信義路二段241-270號,25.0336978,121.5311351
187,自行車竊盜,1040703,19~21,台北市信義區興雅里忠孝東路五段1-30號,25.041234,121.5652442
188,自行車竊盜,1040704,13~15,台北市中山區天祥路1-30號,25.0605813,121.5210928
189,自行車竊盜,1040705,10~12,台北市大安區學府里羅斯福路四段1-30號,25.0169587,121.5338507
190,自行車竊盜,1040705,16~18,台北市信義區永春里忠孝東路五段後山埤捷運站,25.045054,121.582522
191,自行車竊盜,1040706,13~15,台北市中山區中山北路二段91-120號,25.059308,121.523262
192,自行車竊盜,1040707,13~15,台北市大安區新龍里建國南路二段121-150號,25.029612,121.53832
193,自行車竊盜,1040707,16~18,台北市萬華區中華路二段504巷1-30號,25.025723,121.507797
194,自行車竊盜,1040708,10~12,台北市文山區萬隆里萬隆街61-90號,25.0004769,121.5366
195,自行車竊盜,1040712,13~15,台北市北投區文林里文林北路241-270號,25.1094138,121.5130393
196,自行車竊盜,1040712,19~21,台北市北投區文林里文林北路241-270號,25.1094138,121.5130393
197,自行車竊盜,1040713,10~12,台北市松山區新東街60巷1-30號,25.0620789,121.5652586
198,自行車竊盜,1040714,10~12,台北市北投區中央里大興街24巷6弄1-30號,25.1291009,121.4987076
199,自行車竊盜,1040714,19~21,台北市中山區劍南路捷運站,25.084853,121.555592
200,自行車竊盜,1040714,22~24,台北市北投區石牌里自強街120巷15弄口,25.1104383,121.5164841
201,自行車竊盜,1040715,16~18,台北市大同區國慶里民族西路252(大同公園）巷,25.0679293,121.5122563
202,自行車竊盜,1040715,16~18,台北市大同區國慶里民族西路252(大同公園）巷,25.0679293,121.5122563
203,自行車竊盜,1040716,16~18,台北市文山區興泰里15鄰辛亥路四段130巷,25.0047384,121.5567073
204,自行車竊盜,1040718,16~18,台北市南港區中南里忠孝東路七段361-390號,25.051808,121.6062069
205,自行車竊盜,1040720,22~24,台北市中山區建國南路一段1-30號,25.0453869,121.536263
206,自行車竊盜,1040722,10~12,台北市北投區永明里立農街二段331-360號,25.1189903,121.5179332
207,自行車竊盜,1040726,13~15,台北市中正區新營里羅斯福路一段1-30號,25.0343668,121.5173278
208,自行車竊盜,1040727,07~09,台北市南港區成福里成福路241-270號,25.0394055,121.5897889
209,自行車竊盜,1040727,19~21,台北市大安區古莊里浦城街1-30號,25.0246619,121.528002
210,自行車竊盜,1040728,16~18,台北市士林區義信里中山北路五段61~90號劍潭捷運站1號出口,25.084873,121.525077
211,自行車竊盜,1040728,16~18,台北市士林區義信里中山北路五段61~90號劍潭捷運站1號出口,25.084873,121.525077
212,自行車竊盜,1040801,13~15,台北市文山區興福里13鄰興隆路二段22巷8弄1-30號,24.998071,121.545739
213,自行車竊盜,1040802,10~12,台北市中山區民族東路181-210號,25.0681243,121.5309472
214,自行車竊盜,1040803,01~03,台北市信義區長春里虎林街82巷1-30號,25.0432816,121.5765359
215,自行車竊盜,1040803,13~15,台北市文山區景華里三福街1-30號,24.9971944,121.5424725
216,自行車竊盜,1040804,07~09,台北市北投區榮光里西安街一段石牌捷運站2號出口附近,25.114523,121.515559
217,自行車竊盜,1040805,19~21,台北市內湖區內湖路一段387巷3弄1-30號,25.0822416,121.5703474
218,自行車竊盜,1040806,01~03,台北市信義區景勤里吳興街156巷31-60號,25.0283905,121.5605332
219,自行車竊盜,1040806,19~21,台北市萬華區民和街31-60號,25.0259356,121.4988901
220,自行車竊盜,1040807,19~21,台北市北投區大同里光明路1-30號,25.131841,121.498633
221,自行車竊盜,1040809,19~21,台北市士林區福德里福德路1-30號,25.0917765,121.5241428
222,自行車竊盜,1040810,13~15,台北市南港區三重里三重路1-30號,25.0561306,121.6141507
223,自行車竊盜,1040810,13~15,台北市北投區大同里光明路1 - 30號,25.131841,121.498633
224,自行車竊盜,1040810,19~21,台北市北投區石牌里明德路91-120號,25.1090387,121.5188432
225,自行車竊盜,1040814,10~12,台北市信義區永春里中坡北路15巷口,25.0446972,121.5811227
226,自行車竊盜,1040814,22~24,台北市南港區三重里南港展覽館捷運站1-30號出口,25.0554052,121.6178521
227,自行車竊盜,1040815,22~24,台北市士林區文林路91-120號,25.0877799,121.5259623
228,自行車竊盜,1040816,01~03,台北市信義區興隆里忠孝東路四段國館捷運出口,25.0413591,121.5574248
229,自行車竊盜,1040816,10~12,台北市大安區建倫里忠孝東路四段121-150號,25.041251,121.549805
230,自行車竊盜,1040817,19~21,台北市南港區新光里忠孝東路六段451-480號,25.0504966,121.5950607
231,自行車竊盜,1040817,19~21,台北市士林區天玉里中山北路七段51巷1-30號,25.1202401,121.5305795
232,自行車竊盜,1040819,13~15,台北市大安區信義路與敦化路口,25.0329786,121.5521903
233,自行車竊盜,1040820,01~03,台北市中正區黎明里館前路1-30號,25.044673,121.5148502
234,自行車竊盜,1040821,07~09,台北市大同區光能里赤峰街41巷1-30號,25.0549182,121.5200304
235,自行車竊盜,1040821,07~09,台北市大同區光能里赤峰街41巷1-30號,25.0549182,121.5200304
236,自行車竊盜,1040821,13~15,台北市大安區義安里信義路四段181-210號,25.0330452,121.5518772
237,自行車竊盜,1040823,10~12,台北市中正區黎明里忠孝西路一段31-60號,25.0460552,121.5187502
238,自行車竊盜,1040824,22~24,台北市信義區興雅里忠孝東路五段市府捷運站YOUBIKE自行車停放區,25.0378547,121.5641875
239,自行車竊盜,1040826,19~21,台北市大安區芳和里5鄰和平東路三段151-180號,25.0239501,121.5528562
240,自行車竊盜,1040828,16~18,台北市內湖區康樂街76巷1-30號,25.0699338,121.6187723
241,自行車竊盜,1040830,07~09,台北市士林區福德里中正路435巷1-30號,25.096145,121.5286439
242,自行車竊盜,1040830,16~18,台北市北投區石牌里明德路91-120號,25.1090387,121.5188432
243,自行車竊盜,1040830,16~18,台北市大安區住安里復興南路二段1-30號,25.0267857,121.5437124
244,自行車竊盜,1040831,10~12,台北市南港區合成里忠孝東路6段403巷口,25.0504324,121.592597
245,自行車竊盜,1040901,16~18,台北市士林區承德里基河路1-30號劍潭捷運站2號出口,25.084873,121.525077
246,自行車竊盜,1040902,22~24,台北市大安區古風里雲和街61-90號,25.0236169,121.5297
247,自行車竊盜,1040903,04~06,台北市信義區新仁里忠孝東路四段光復南路口,25.0414055,121.5575741
248,自行車竊盜,1040904,13~15,台北市文山區興泰里辛亥路四段辛亥捷運站自行車停車格,25.005475,121.557107
249,自行車竊盜,1040906,19~21,台北市大同區玉泉里捷運北門站1號出口,25.0494679,121.510335
250,自行車竊盜,1040907,16~18,台北市大安區學府里辛亥路與羅斯福路口,25.0164266,121.5495475
251,自行車竊盜,1040907,16~18,台北市北投區光明路1-30號,25.131841,121.498633
252,自行車竊盜,1040908,04~06,台北市士林區舊佳里中正路211-240號,25.0953227,121.5252712
253,自行車竊盜,1040909,16~18,台北市北投區石牌里西安街一段明德捷運站旁人行道,25.10972,121.518848
254,自行車竊盜,1040910,04~06,台北市士林區義信里中山北路五段61-90號,25.0841405,121.5257614
255,自行車竊盜,1040910,10~12,台北市內湖區民權東路六段136巷31-60號,25.0671158,121.5790779
256,自行車竊盜,1040911,04~06,台北市士林區德行里福國路61-90號,25.1020063,121.5229417
257,自行車竊盜,1040912,10~12,台北市士林區義信里中山北路五段61-90號,25.0841405,121.5257614
258,自行車竊盜,1040912,22~24,台北市大同區老師里延平北路四段181-210號,25.0736987,121.5116032
259,自行車竊盜,1040913,07~09,台北市中正區黎明里北平西路三段(臺北火車站外東北角行人道),25.0464924,121.5172895
260,自行車竊盜,1040913,19~21,台北市中正區黎明里常德街1-30號台大醫院捷運站2號出口,25.041256,121.51604
261,自行車竊盜,1040914,16~18,台北市中山區華陰街24巷6弄,25.0487038,121.5194191
262,自行車竊盜,1040915,01~03,台北市中正區新營里羅斯福路一段83巷1-30號,25.0312997,121.5199521
263,自行車竊盜,1040915,01~03,台北市松山區民生東路五段137巷口,25.0589058,121.561998
264,自行車竊盜,1040915,04~06,台北市中山區建國北路二段91-120號,25.0587151,121.5373897
265,自行車竊盜,1040915,04~06,台北市中正區文祥里杭州南路一段101巷1-30號,25.0372423,121.5273412
266,自行車竊盜,1040915,19~21,台北市中正區幸福里忠孝東路一段58巷1-30號,25.045106,121.5217337
267,自行車竊盜,1040915,19~21,台北市大安區復興南路1段361 - 390號,25.0353032,121.5435456
268,自行車竊盜,1040915,22~24,台北市大安區瑞安街208巷1-30號,25.029022,121.5406393
269,自行車竊盜,1040917,04~06,台北市信義區基隆路一段121 - 150號,25.0447812,121.5669716
270,自行車竊盜,1040917,16~18,台北市萬華區西寧南路61-90號,25.0474081,121.5067531
271,自行車竊盜,1040918,04~06,台北市大安區羅斯福路二段15巷,25.0281964,121.5219912
272,自行車竊盜,1040919,16~18,台北市大同區鄭州路121-150號,25.050352,121.510919
273,自行車竊盜,1040919,19~21,台北市士林區葫東里重慶北路四段220巷1-30號,25.0864048,121.5119357
274,自行車竊盜,1040919,22~24,台北市中正區建國里中山南路與愛國西路口,25.0368646,121.5170368
275,自行車竊盜,1040921,16~18,台北市文山區萬年里羅斯福路五段170巷公館街口,25.0046914,121.5371844
276,自行車竊盜,1040923,07~09,台北市士林區社園里延平北路六段151-180號,25.0895712,121.5060539
277,自行車竊盜,1040923,16~18,台北市中正區南門里廣州街8巷口,25.0346734,121.5082715
278,自行車竊盜,1040924,04~06,台北市大同區至聖里承德路三段225巷1-30號,25.0702759,121.5189362
279,自行車竊盜,1040924,07~09,台北市大同區至聖里承德路三段225巷1-30號,25.0702759,121.5189362
280,自行車竊盜,1040926,22~24,台北市松山區市民大道六段腳踏車停放區,25.0320133,121.5742771
281,自行車竊盜,1040929,07~09,台北市中山區南京東路三段與龍江路口,25.0521676,121.5407517
282,自行車竊盜,1041001,10~12,台北市大安區學府里羅斯福路四段1-30號,25.0169587,121.5338507
283,自行車竊盜,1041001,22~24,台北市中山區圓山捷運站自行車停車場,25.071353,121.520118
284,自行車竊盜,1041002,22~24,台北市內湖區港墘路127巷1-30號,25.0779486,121.5761988
285,自行車竊盜,1041004,01~03,台北市大安區杭州南路二段93巷31-60號,25.0286328,121.5239494
286,自行車竊盜,1041004,19~21,台北市萬華區漢口街二段61-90號,25.0459291,121.5057567
287,自行車竊盜,1041005,16~18,台北市大同區光能里南京西路25巷1-30號,25.0545725,121.5203564
288,自行車竊盜,1041005,16~18,台北市中山區南京西路25巷1-30號,25.0524526,121.5221416
289,自行車竊盜,1041007,16~18,台北市南港區舊莊里舊莊街一段1-30號,25.0414625,121.6179419
290,自行車竊盜,1041007,19~21,台北市大同區玉泉里鄭州路121-150號,25.050352,121.510919
291,自行車竊盜,1041010,07~09,台北市中正區富水里思源街1 - 30號,25.01417,121.5301164
292,自行車竊盜,1041010,10~12,台北市萬華區永福街30-60號,25.0382649,121.5050599
293,自行車竊盜,1041010,10~12,台北市南港區中南里忠孝東路七段571-600號,25.0531174,121.6141292
294,自行車竊盜,1041010,19~21,台北市信義區四育里虎林街46巷31~60號,25.047178,121.575263
295,自行車竊盜,1041011,04~06,台北市大同區揚雅里昌吉街61巷35弄1-30號,25.066781,121.5150424
296,自行車竊盜,1041011,04~06,台北市大同區揚雅里昌吉街61巷35弄1-30號,25.066781,121.5150424
297,自行車竊盜,1041011,07~09,台北市大同區蓬萊里重慶北路三段30-60號,25.0656424,121.5134262
298,自行車竊盜,1041011,16~18,台北市士林區葫東里延平北路五段181-210號,25.083797,121.5101413
299,自行車竊盜,1041012,16~18,台北市大安區敦安里仁愛路與安和路口,25.0376634,121.5503016
300,自行車竊盜,1041013,13~15,台北市北投區一德里大度路三段296巷關渡捷運站區,25.125632,121.467102
301,自行車竊盜,1041014,10~12,台北市內湖區安泰街53巷1-30號,25.0743669,121.6171096
302,自行車竊盜,1041015,07~09,台北市中正區富水里思源街1-30號,25.01417,121.5301164
303,自行車竊盜,1041016,13~15,台北市中山區德惠街1-30號,25.066913,121.5230068
304,自行車竊盜,1041019,04~06,台北市中正區富水里思源街1-30號,25.01417,121.5301164
305,自行車竊盜,1041019,13~15,台北市中正區幸市里忠孝東路二段91-120號,25.0424825,121.5314361
306,自行車竊盜,1041021,16-18,台北市大同區景星里伊寧街48巷1-30號,25.064479,121.510686
307,自行車竊盜,1041023,07~09,台北市大安區華聲里忠孝東路四段301-330號,25.041621,121.555208
308,自行車竊盜,1041026,10~12,台北市中正區板溪里和平西路一段31-60號,25.0263373,121.5194624
309,自行車竊盜,1041026,19~21,台北市文山區景華里景華街22巷1-30號,24.9950294,121.541463
310,自行車竊盜,1041027,04~06,台北市文山區萬年里羅斯福路5段31-60號,25.0082619,121.537798
311,自行車竊盜,1041027,10~12,台北市士林區聖山里忠誠路一段171巷10弄1-30號,25.1066735,121.5310248
312,自行車竊盜,1041027,19~21,台北市萬華區西昌街21巷1 - 30號,25.042786,121.500814
313,自行車竊盜,1041101,10~12,台北市大同區保安里重慶北路三段295巷21弄1~30號,25.0737589,121.5149019
314,自行車竊盜,1041102,07~09,台北市大同區永樂里民樂街31-60號,25.0545069,121.511084
315,自行車竊盜,1041103,13~15,台北市中正區愛國西路與重慶南路小南門站2號出口,25.035546,121.510857
316,自行車竊盜,1041103,19~21,台北市信義區松隆里福德街1-30號,25.0361101,121.5786123
317,自行車竊盜,1041103,19~21,台北市大安區龍圖里信義路三段181 - 210號,25.033308,121.5424282
318,自行車竊盜,1041105,01~03,台北市大同區建明里華陰街31-60號,25.0492931,121.5195511
319,自行車竊盜,1041105,19~21,台北市內湖區內湖路一段661-690號,25.0802328,121.575526
320,自行車竊盜,1041108,13~15,台北市萬華區桂林路1-30號,25.0377674,121.5063009
321,自行車竊盜,1041109,04~06,台北市大安區敦安里敦化南路一段295巷31-60號,25.03548,121.5502533
322,自行車竊盜,1041110,16~18,台北市信義區景新里莊敬路211-240號,25.0294232,121.5622561
323,自行車竊盜,1041111,10~12,台北市內湖區文德路211 - 240號,25.0787994,121.5867284
324,自行車竊盜,1041111,22~24,台北市信義區西村里基隆路一段331-360號,25.035774,121.560874
325,自行車竊盜,1041112,13~15,台北市內湖區民權東路四段181 - 210號,25.0621984,121.5588136
326,自行車竊盜,1041115,10~12,台北市北投區石牌里西安街一段121-150號,25.1087742,121.5192487
327,自行車竊盜,1041115,10~12,台北市大安區龍生里和平東路二段151-180號,25.0253916,121.5412489
328,自行車竊盜,1041120,22~24,台北市大安區仁慈里復興南路一段295巷13弄1-30號,25.0350808,121.5455234
329,自行車竊盜,1041121,01~03,台北市中正區東門里徐州路1 - 30號,25.0419501,121.5190285
330,自行車竊盜,1041121,10~12,台北市北投區福興里致遠一路二段31-60號,25.1113981,121.5139789
331,自行車竊盜,1041122,01~03,台北市中山區錦州街421~450號,25.0603739,121.5422127
332,自行車竊盜,1041122,16~18,台北市信義區興雅里松高路1-30號,25.0396333,121.5642112
333,自行車竊盜,1041122,16~18,台北市中正區南福里南昌路一段126巷1 - 30號,25.0295916,121.5181536
334,自行車竊盜,1041123,07~09,台北市北投區榮光里石牌路一段166巷121-150號,25.1117018,121.5155907
335,自行車竊盜,1041124,13~15,台北市北投區中央里中央南路二段1-30號,25.1260487,121.5005871
336,自行車竊盜,1041126,13~15,台北市信義區泰和里吳興街600巷100弄91~120號,25.017088,121.572734
337,自行車竊盜,1041127,16~18,台北市南港區萬福里同德路61 - 90號,25.045853,121.58576
338,自行車竊盜,1041128,16~18,台北市萬華區廣州街211-240號,25.0369897,121.4999272
339,自行車竊盜,1041201,13~15,台北市內湖區民權東路六段120巷1弄1 - 30號,25.0684793,121.5873212
340,自行車竊盜,1041202,01~03,台北市松山區復興北路151 - 180號,25.0536429,121.544471
341,自行車竊盜,1041203,01~03,台北市中山區民生西路45巷3弄1 - 30號,25.0580215,121.520918
342,自行車竊盜,1041203,04~06,台北市北投區榮光里石牌路一段166巷61 - 90號,25.1124156,121.5149198
343,自行車竊盜,1041203,13~15,台北市北投區裕民里東陽街411巷1~30號,25.1125528,121.5177759
344,自行車竊盜,1041203,13~15,台北市北投區裕民里東陽街411巷1~30號,25.1125528,121.5177759
345,自行車竊盜,1041203,16~18,台北市南港區合成里永吉路601 - 630號,25.045546,121.582241
346,自行車竊盜,1041204,22~24,台北市北投區石牌里西安街一段165巷對面人行道,25.109623,121.5186424
347,自行車竊盜,1041205,13~15,台北市中正區黎明里1 - 30號,25.0446586,121.5139223
348,自行車竊盜,1041206,04~06,台北市內湖區東湖路113巷49弄31 - 60號,25.069949,121.6152027
349,自行車竊盜,1041210,01~03,台北市文山區興豐里興隆路二段241 - 270號,25.0018526,121.5514028
350,自行車竊盜,1041210,22~24,台北市大同區雙連里雙連街31~60號,25.0586843,121.5190845
351,自行車竊盜,1041213,10~12,台北市大同區蓬萊里承德路三段51巷1 - 30號,25.0644196,121.518063
352,自行車竊盜,1041219,22~24,台北市大同區蔣渭水公園之YOUBIKE租借站,25.0597689,121.516843
353,自行車竊盜,1041220,13~15,台北市中山區北安路569之1 - 30號,25.080828,121.548183
354,自行車竊盜,1041220,16~18,台北市大安區羅斯福路四段1 - 30號,25.0169587,121.5338507
355,自行車竊盜,1041224,16~18,台北市北投區榮光里西安街二段石牌國中側門人行道上,25.1149914,121.5141752
356,自行車竊盜,1041225,13~15,台北市文山區景華里景興路46巷景興國中左側門,24.9960931,121.5445437
357,自行車竊盜,1041225,16~18,台北市中山區新生北路三段88巷口,25.0678864,121.527491
358,自行車竊盜,1041225,16~18,台北市中山區農安街31 - 60號,25.0650101,121.5248968
359,自行車竊盜,1041225,16~18,台北市文山區景華里景興路46弄景興國中大門旁停車格,24.9965296,121.5482445
360,自行車竊盜,1041226,16~18,台北市中山區新生北路三段31 - 60號,25.0646869,121.5280576
361,自行車竊盜,1041226,19~21,台北市北投區東華里致遠三路91~120號,25.1218322,121.5106008
362,自行車竊盜,1041226,19~21,台北市北投區東華里致遠三路91~120號,25.1218322,121.5106008
363,自行車竊盜,1041227,22~24,台北市文山區景華里景華街31 - 60號,24.9950932,121.542456
364,自行車竊盜,1041228,16~18,台北市中正區南門里廣州街8巷口,25.0346734,121.5082715
365,自行車竊盜,1041229,07~09,台北市信義區景聯里基隆路二段31 - 60號,25.0315728,121.5589678
366,自行車竊盜,1041229,19~21,台北市中山區新生北路二段137巷31~60號,25.054072,121.527826
367,自行車竊盜,1041231,22~24,台北市萬華區西昌街151~180號,25.0394755,121.5007886
368,自行車竊盜,1050101,01~03,台北市信義區正和里仁愛路四段481~510號,25.037222,121.561209
369,自行車竊盜,1050101,19~21,台北市南港區中南里忠孝東路七段596巷1~30號,25.0528197,121.6155755
370,自行車竊盜,1050103,22~24,台北市萬華區和平西路三段91~120號,25.0353646,121.5009404
371,自行車竊盜,1050104,19~21,台北市北投區洲美里洲美街洲美橋下401巷61~90號,25.1027775,121.5003145
372,自行車竊盜,1050105,22~24,台北市大安區長興街31~60號,25.0166494,121.5450928
373,自行車竊盜,1050110,07~09,台北市士林區永倫里延平北路六段451~480號,25.093779,121.4983275
374,自行車竊盜,1050118,10~12,台北市松山區市民大道六段,25.0494221,121.575586
375,自行車竊盜,1050118,22~24,台北市萬華區萬青街151~180號,25.0231027,121.5016894
376,自行車竊盜,1050122,16~18,台北市松山區南京東路五段291巷6弄1~30號,25.0518185,121.5573674
377,自行車竊盜,1050126,13~15,台北市士林區福德里中正路247巷士林捷運站1號出口,25.093535,121.526229
378,自行車竊盜,1050127,13~15,台北市北投區石牌里石牌路一段121~150號,25.1142095,121.5131082
379,自行車竊盜,1050128,01~03,台北市大安區民輝里忠孝東路三段61~90號,25.0415889,121.536078
380,自行車竊盜,1050130,16~18,台北市北投區榮光里石牌路一段181~210號石牌捷運站1號出口,25.114523,121.515559
381,自行車竊盜,1050202,16~18,台北市北投區立農里立農街一段571~600號,25.1193641,121.5108711
382,自行車竊盜,1050204,01~03,台北市萬華區萬大路486巷31~60號,25.0200679,121.496494
383,自行車竊盜,1050204,01~03,台北市萬華區萬大路486巷31~60號,25.0200679,121.496494
384,自行車竊盜,1050204,10~12,台北市大同區重慶北路三段31~60號,25.0650477,121.5139088
385,自行車竊盜,1050204,13~15,台北市中山區市民大道與中山北路口西北角,25.0482285,121.5208388
386,自行車竊盜,1050206,01~03,台北市萬華區成都路1~30號,25.042604,121.508051
387,自行車竊盜,1050207,13~15,台北市中山區龍江路271~300號,25.0619306,121.5406625
388,自行車竊盜,1050209,16~18,台北市松山區八德路四段,25.0493187,121.5688828
389,自行車竊盜,1050213,16~18,台北市萬華區水源路181~210號,25.0230701,121.5091011
390,自行車竊盜,1050213,16~18,台北市萬華區水源路181~210號,25.0230701,121.5091011
391,自行車竊盜,1050216,04~06,台北市內湖區康樂街151巷1~30號,25.0718225,121.6195182
392,自行車竊盜,1050217,01~03,台北市大同區星明里太原路152巷1~30號,25.0545464,121.5162803
393,自行車竊盜,1050217,04~06,台北市中正區水源里羅斯福路四段78巷1弄內,25.0117001,121.5362119
394,自行車竊盜,1050218,10~12,台北市大安區華聲里市民大道四段181~210號,25.0444827,121.555909
395,自行車竊盜,1050220,10~12,台北市文山區興業里23鄰辛亥路五段124巷,24.9970568,121.551894
396,自行車竊盜,1050220,16~18,台北市內湖區內湖路一段1巷口旁人行道,25.085235,121.5581226
397,自行車竊盜,1050221,19~21,台北市士林區聖山里忠義街31~60號,25.1057669,121.5311008
398,自行車竊盜,1050222,10~12,台北市大安區群賢里復興南路二段211~240號,25.0261569,121.5437485
399,自行車竊盜,1050224,07~09,台北市中正區新營里寧波東街9巷1~30號,25.032753,121.5200025
400,自行車竊盜,1050224,07~09,台北市中正區新營里寧波東街9巷1~30號,25.032753,121.5200025
401,自行車竊盜,1050225,13~15,台北市大安區德安里四維路76巷1~30號,25.0344121,121.5479838
402,自行車竊盜,1050225,13~15,台北市大安區德安里四維路76巷1~30號,25.0344121,121.5479838
403,自行車竊盜,1050228,16~18,台北市信義區廣居里忠孝東路五段236巷1~30號,25.0394729,121.571728
404,自行車竊盜,1050228,19~21,台北市中山區松江路91~120號,25.050482,121.533312
405,自行車竊盜,1050228,19~21,台北市中山區松江路91~120號,25.050482,121.533312
406,自行車竊盜,1050301,13~15,台北市中山區民權東路二段31~60號,25.062792,121.529399
407,自行車竊盜,1050301,13~15,台北市中山區民權東路二段31~60號,25.062792,121.529399
408,自行車竊盜,1050302,04~06,台北市萬華區漢口街二段53巷1~30號,25.046082,121.506366
409,自行車竊盜,1050302,04~06,台北市萬華區漢口街二段53巷1~30號,25.046082,121.506366
410,自行車竊盜,1050303,13~15,台北市萬華區中華路一段1~30號,25.0409824,121.5074779
411,自行車竊盜,1050303,13~15,台北市萬華區中華路一1段1~30號,25.04744,121.510815
412,自行車竊盜,1050304,16~18,台北市大安區光信里光復南路456巷1~30號,25.0356393,121.5567944
413,自行車竊盜,1050305,07~09,台北市文山區試院里28鄰木柵路177巷內,24.9878233,121.5464292
414,自行車竊盜,1050305,13~15,台北市信義區安康里松仁路95巷1~30號,25.0368446,121.5686546
415,自行車竊盜,1050305,19~21,台北市大安區民輝里忠孝東路三段10巷,25.0411594,121.5334645
416,自行車竊盜,1050306,19~21,台北市中正區幸市里忠孝東路一段70巷善導寺捷運站1~30號出口,25.0450001,121.52317
417,自行車竊盜,1050308,07~09,台北市中正區富水里思源街1~30號,25.01417,121.5301164
418,自行車竊盜,1050309,16~18,台北市中山區吉林路252之1~30號,25.0598298,121.5300598
419,自行車竊盜,1050311,10~12,台北市信義區安康里松仁路61~90號,25.0374029,121.5684723
420,自行車竊盜,1050311,19~21,台北市大同區重慶里敦煌路21巷,25.0759997,121.5172395
421,自行車竊盜,1050314,13~15,台北市大同區國慶里民族西路271~300號,25.0686104,121.5105535
422,自行車竊盜,1050314,13~15,台北市大同區重慶里承德路三段271~300號,25.0743139,121.5195299
423,自行車竊盜,1050314,16~18,台北市大安區民輝里捷運忠孝新生站1~30號出口,25.0420252,121.5326559
424,自行車竊盜,1050314,19~21,台北市內湖區康樂街151巷巷口人行道,25.0718484,121.6199649
425,自行車竊盜,1050316,07~09,台北市內湖區康樂街125巷1~30號,25.0733902,121.6197154
426,自行車竊盜,1050316,13~15,台北市內湖區瑞光路271~300號,25.0753244,121.5768736
427,自行車竊盜,1050316,16~18,台北市中正區台北車站東側人行道自行車架處路,25.047923,121.51708
428,自行車竊盜,1050319,10~12,台北市松山區新東街20巷,25.0584448,121.5672273
429,自行車竊盜,1050319,16~18,台北市信義區永春里忠孝東路五段703巷1弄1~30號,25.042539,121.580018
430,自行車竊盜,1050320,16~18,台北市信義區永春里忠孝東路五段703巷1弄1~30號,25.042539,121.580018
431,自行車竊盜,1050321,16~18,台北市士林區福德里福德路1~30號士林捷運站2號出口,25.093535,121.526229
432,自行車竊盜,1050322,16~18,台北市大安區新龍里建國南路二段121~150號,25.029612,121.53832
433,自行車竊盜,1050322,16~18,台北市萬華區和平西路三段91~120號,25.0353646,121.5009404
434,自行車竊盜,1050327,10~12,台北市北投區福興里承德路七段61~90號,25.111811,121.510451
435,自行車竊盜,1050327,22~24,台北市信義區興隆里忠孝東路國父紀念館捷運站1號出口,25.0413591,121.5574248
436,自行車竊盜,1050327,22~24,台北市內湖區成功路四段1~30號,25.080735,121.591157
437,自行車竊盜,1050327,22~24,台北市文山區景行里羅斯福路六段361~390號,24.9892251,121.5393642
438,自行車竊盜,1050328,01~03,台北市萬華區萬壽里漢口街二段74巷1~30號,25.045411,121.507489
439,自行車竊盜,1050328,13~15,台北市士林區福林里中正路235巷31~60號,25.095908,121.5288713
440,自行車竊盜,1050329,01~03,台北市中山區吉林路331~360號,25.0640304,121.5304506
441,自行車竊盜,1050330,07~09,台北市內湖區東湖路91~120號,25.0684337,121.6154345
442,自行車竊盜,1050331,22~24,台北市南港區南港里興中路28巷口對面人行道,25.0555287,121.6067709
443,自行車竊盜,1050402,13~15,台北市內湖區內湖路一段601~630號,25.0807405,121.5735431
444,自行車竊盜,1050405,04~06,台北市南港區合成里忠孝東路六段1~30號,25.045578,121.582655
445,自行車竊盜,1050405,13~15,台北市北投區奇岩里公館路181~210號,25.128641,121.507155
446,自行車竊盜,1050408,13~15,台北市北投區桃源里中央北路三段53巷1~30號,25.1383699,121.4859133
447,自行車竊盜,1050409,16~18,台北市萬華區中華路二段364巷31~60號,25.0284227,121.5038193
448,自行車竊盜,1050410,01~03,台北市中正區南福里寧波西街1~30號,25.0310232,121.5182374
449,自行車竊盜,1050410,07~09,台北市北投區八仙里立農街一段187巷10弄1~30號,25.1205208,121.5045635
450,自行車竊盜,1050410,22~24,台北市士林區仁勇里大北路61~90號,25.0902989,121.52477
451,自行車竊盜,1050414,01~03,台北市中山區松江路37巷1~30號,25.0456563,121.5329859
452,自行車竊盜,1050417,19~21,台北市南港區西新里昆陽街91~120號,25.0517418,121.5937017
453,自行車竊盜,1050418,07~09,台北市萬華區中華路二段121~150號,25.0504123,121.4527343
454,自行車竊盜,1050419,22~24,台北市萬華區華江雁鴨公園,25.0387025,121.4952208
455,自行車竊盜,1050420,13~15,台北市內湖區東湖路61~90號,25.0688037,121.6147567
456,自行車竊盜,1050421,04~06,台北市大安區住安里信義路四段61~90號,25.0331827,121.5476343
457,自行車竊盜,1050421,07~09,台北市大安區龍安里新生南路二段61~90號,25.0280094,121.5344502
458,自行車竊盜,1050422,13~15,台北市北投區奇岩里公館路257巷1~30號,25.1261315,121.5107674
459,自行車竊盜,1050422,19~21,台北市北投區奇岩里公館路257巷1~30號,25.1261315,121.5107674
460,自行車竊盜,1050422,22~24,台北市大安區民炤里仁愛路三段1~30號,25.0375279,121.535751
461,自行車竊盜,1050423,13~15,台北市北投區榮光里西安街二段石牌國中後門人行道,25.1149914,121.5141752
462,自行車竊盜,1050424,16~18,台北市大同區保安里哈密街61~90號,25.0731001,121.5154992
463,自行車竊盜,1050425,16~18,台北市大安區福住里新生南路二段31~60號,25.028465,121.534133
464,自行車竊盜,1050427,19~21,台北市文山區萬隆里羅斯福路六段1~30號,24.999752,121.539611
465,自行車竊盜,1050428,22~24,台北市大安區光武里6鄰忠孝東路四段101巷1~30號,25.0418391,121.5440557
466,自行車竊盜,1050429,10~12,台北市北投區振華里東華街一段石牌捷運站腳踏車停放處,25.114523,121.515559
467,自行車竊盜,1050429,16~18,台北市大同區大有里環河北路一段271~300號,25.058436,121.50861
468,自行車竊盜,1050430,16~18,台北市中正區龍光里重慶南路三段31~60號,25.0267473,121.5159363
469,自行車竊盜,1050501,16~18,台北市大安區法治里基隆路二段151~180號,25.025402,121.553417
470,自行車竊盜,1050502,07~09,台北市大安區福住里新生南路二段31~60號,25.028465,121.534133
471,自行車竊盜,1050502,13~15,台北市中山區長安東路一段30巷3弄華山公園,25.0481838,121.5220179
472,自行車竊盜,1050504,16~18,台北市中正區永昌里汀州路一段226巷1~30號,25.0274066,121.5091232
473,自行車竊盜,1050504,19~21,台北市大同區南芳里迪化街一段331~360號,25.0625579,121.5093696
474,自行車竊盜,1050504,19~21,台北市大安區學府里基隆路三段61~90號,25.0169931,121.5442758
475,自行車竊盜,1050505,07~09,台北市北投區吉慶里致遠二路15巷對面石牌國小人行道上,25.1157626,121.5118476
476,自行車竊盜,1050505,16~18,台北市北投區吉利里致遠二路15巷,25.1166611,121.5120757
477,自行車竊盜,1050506,10~12,台北市北投區永明里義理街61~90號,25.1172239,121.5156306
478,自行車竊盜,1050508,07~09,台北市大同區星明里太原路175巷1~30號,25.0545464,121.5162803
479,自行車竊盜,1050509,22~24,台北市中正區忠勤里中華路二段309巷1~30號,25.0287081,121.5054539
480,自行車竊盜,1050510,10~12,台北市士林區義信里中山北路五段61~90號劍潭捷運站1號出口,25.084873,121.525077
481,自行車竊盜,1050510,16~18,台北市中山區中山北路3段1 - 30號,25.0655559,121.5219766
482,自行車竊盜,1050510,22~24,台北市中正區愛國里中華路2段75巷1~30號,25.0347485,121.5067055
483,自行車竊盜,1050511,07~09,台北市萬華區內江街81巷1~30號,25.041564,121.506888
484,自行車竊盜,1050511,16~18,台北市信義區信義路四段361~390號,25.0331534,121.5585216
485,自行車竊盜,1050512,01~03,台北市大安區通化里信義路四段400巷6弄1~30號,25.0327014,121.556499
486,自行車竊盜,1050512,22~24,台北市中正區忠勤里中華路二段313巷1~30號,25.0281747,121.5059295
487,自行車竊盜,1050516,22~24,台北市北投區稻香里稻香路161巷1~30號,25.1421697,121.4890383
488,自行車竊盜,1050517,13~15,台北市大安區福住里新生南路與金華街口,25.0298199,121.53362
489,自行車竊盜,1050519,19~21,台北市內湖區星雲街168巷口,25.080163,121.5967936
490,自行車竊盜,1050519,19~21,台北市松山區八德路四段721~750號,25.0502427,121.577206
491,自行車竊盜,1050520,01~03,台北市南港區舊莊里舊莊街一段145巷2弄1~30號,25.0400902,121.6206472
492,自行車竊盜,1050520,19~21,台北市大安區群賢里和平東路二段311巷,25.0253868,121.5451472
493,自行車竊盜,1050522,04~06,台北市中正區幸市里忠孝新生1號出口,25.0420252,121.5326559
494,自行車竊盜,1050522,19~21,台北市北投區石牌里石牌路一段166巷43弄1~30號,25.1128748,121.5102154
495,自行車竊盜,1050523,19~21,台北市文山區萬有里景明街11巷興隆路一段184巷,25.0019645,121.5419566
496,自行車竊盜,1050524,04~06,台北市大同區朝陽里南京西路331~360號,25.0537169,121.511041
497,自行車竊盜,1050524,16~18,台北市中正區南門里廣州街8巷口,25.0346734,121.5082715
498,自行車竊盜,1050525,10~12,台北市士林區福德里福德路1~30號,25.0917765,121.5241428
499,自行車竊盜,1050525,19~21,台北市中正區永昌里詔安街151~180號,25.0270949,121.5091007
500,自行車竊盜,1050526,13~15,台北市松山區敦化北路1~30號,25.048607,121.550231
501,自行車竊盜,1050528,01~03,台北市內湖區西湖里19鄰內湖路一段285巷1~30號,25.082449,121.5669383
502,自行車竊盜,1050529,10~12,台北市北投區大同里北投路一段1~30號,25.1238661,121.5011805
503,自行車竊盜,1050529,13~15,台北市士林區芝山里芝玉路二段20巷91~120號,25.111236,121.535432
504,自行車竊盜,1050601,16~18,台北市松山區民生東路四段121~150號,25.058281,121.553485
505,自行車竊盜,1050602,16~18,台北市大安區住安里信義路四段31~60號,25.0331575,121.5454918
506,自行車竊盜,1050603,07~09,台北市北投區榮光里西安街2段捷運線形公園旁人行道上,25.1200608,121.5092499
507,自行車竊盜,1050604,10~12,台北市松山區新中街6巷1 ~ 30號,25.0582717,121.5606811
508,自行車竊盜,1050608,07~09,台北市中山區區公所旁之自行車停車位,25.064366,121.533576
509,自行車竊盜,1050608,10~12,台北市士林區芝山里芝玉路2段20巷91~120號,25.111236,121.535432
510,自行車竊盜,1050608,10~12,台北市內湖區成功路三段187巷35弄1~30號,25.0794359,121.5918696
511,自行車竊盜,1050610,01~03,台北市大安區正聲里仁愛路4段421~450號,25.0380599,121.5562751
512,自行車竊盜,1050613,16~18,台北市大安區正聲里忠孝東路四段271~300號,25.0411976,121.5559124
513,自行車竊盜,1050614,19~21,台北市南港區南港里興中路61~90號,25.056733,121.6069981
514,自行車竊盜,1050614,19~21,台北市大安區龍門里新生南路二段1~30號,25.0310609,121.535552
515,自行車竊盜,1050614,19~21,台北市南港區南港里興中路61 ~ 90號,25.056733,121.6069981
516,自行車竊盜,1050615,13~15,台北市松山區捷運南京三民站1 ~ 30號出口,25.0514855,121.5632617
517,自行車竊盜,1050616,07~09,台北市大安區敦安里仁愛路四段121~150號,25.0376643,121.5499264
518,自行車竊盜,1050616,07~09,台北市大同區保安里哈密街63巷,25.0736712,121.5152806
519,自行車竊盜,1050616,10~12,台北市萬華區青年路31~60號,25.0256221,121.5050743
520,自行車竊盜,1050617,01~03,台北市大安區仁慈里信義路四段53巷,25.0347364,121.5451128
521,自行車竊盜,1050617,19~21,台北市文山區興業里2鄰興隆路二段151~180號,25.0016989,121.5519712
522,自行車竊盜,1050618,01~03,台北市大安區錦泰里杭州南路二段61巷1~30號,25.029979,121.523981
523,自行車竊盜,1050619,01~03,台北市文山區興得里興隆路三段211~240號,24.994676,121.559772
524,自行車竊盜,1050620,16~18,台北市萬華區中華路2段361 - 390號,25.0265802,121.507297
525,自行車竊盜,1050622,19~21,台北市大安區敦安里安和路一段61~90號,25.0375068,121.551568
526,自行車竊盜,1050623,16~18,台北市大安區光明里杭州南路二段1~30號,25.0347679,121.5241816
527,自行車竊盜,1050624,01~03,台北市萬華區寶興街121~150號,25.0252155,121.4948481
528,自行車竊盜,1050625,04~06,台北市內湖區安康路1~30號,25.066217,121.611574
529,自行車竊盜,1050625,19~21,台北市大安區龍雲里大安路2段91 ~ 120號,25.0303178,121.545855
530,自行車竊盜,1050625,22~24,台北市信義區長春里松山路271~300號,25.042797,121.57761
531,自行車竊盜,1050627,01~03,台北市信義區中行里福德街268巷31~60號,25.0401855,121.585448
532,自行車竊盜,1050627,07~09,台北市士林區明勝里承德路四段9巷1~30號,25.0790138,121.5225162
533,自行車竊盜,1050627,13~15,台北市大安區敦煌里安和路一段135巷1~30號,25.0344159,121.5528747
534,自行車竊盜,1050628,13~15,台北市大安區龍安里和平東路一段181~210號,25.026375,121.532968
535,自行車竊盜,1050629,22~24,台北市信義區五全里松信路121~150號,25.044371,121.572236
536,自行車竊盜,1050630,07~09,台北市內湖區內湖路二段263巷21弄1~30號,25.0831866,121.590129
537,自行車竊盜,1050701,13~15,台北市大安區芳和里臥龍街121~150號,25.0199285,121.5490117
538,自行車竊盜,1050703,01~03,台北市信義區忠孝東路四段國父紀念館1~30號出口,25.0413591,121.5574248
539,自行車竊盜,1050703,07~09,台北市大安區龍門里大安森林公園五出口自行車停車場,25.0293227,121.5359793
540,自行車竊盜,1050703,22~24,台北市大安區仁慈里信義路四段19巷1~30號,25.0335555,121.5442987
541,自行車竊盜,1050703,22~24,台北市信義區安康里松德路31 ~ 60號,25.038734,121.576291
542,自行車竊盜,1050704,19~21,台北市松山區敦化北路222巷31~60號,25.059912,121.547497
543,自行車竊盜,1050708,10~12,台北市中正區螢圃里重慶南路三段61~90號,25.0267015,121.5163423
544,自行車竊盜,1050711,16~18,台北市大同區哈密街59巷,25.0745628,121.5157191
545,自行車竊盜,1050712,19~21,台北市文山區明義里016鄰興隆路四段107巷31~60號,24.9873209,121.561334
546,自行車竊盜,1050715,13~15,台北市松山區八德路三段31~60號,25.0468295,121.5526275
547,自行車竊盜,1050715,19~21,台北市北投區永明里石牌路2段99巷1 ~ 30號,25.1176163,121.5165208
548,自行車竊盜,1050716,10~12,台北市信義區興雅里興雅路貴婦百貨後方,25.0400988,121.566116
549,自行車竊盜,1050717,10~12,台北市文山區木柵里007鄰木柵路三段61~90號,24.988671,121.566492
550,自行車竊盜,1050719,16~18,台北市松山區南京東路5段三民路口,25.0513394,121.563803
551,自行車竊盜,1050721,04~06,台北市內湖區港墘捷運站1~30號出口,25.080038,121.575102
552,自行車竊盜,1050722,22~24,台北市中山區建國北路2段96巷口,25.0572402,121.5371286
553,自行車竊盜,1050725,04~06,台北市文山區興福里興隆路一段260巷1~30號,24.9983649,121.545216
554,自行車竊盜,1050725,13~15,台北市中山區長安東路一段11巷1~30號,25.049818,121.522081
555,自行車竊盜,1050725,22~24,台北市信義區興隆里忠孝東路5段國父紀念館北側,25.0413591,121.5574248
556,自行車竊盜,1050726,19~21,台北市信義區興隆里忠孝東路國館三號出口旁,25.0413591,121.5574248
557,自行車竊盜,1050726,19~21,台北市信義區興雅里松高路1 ~ 30號,25.0396333,121.5642112
558,自行車竊盜,1050726,19~21,台北市信義區興雅里忠孝東路5段市府捷運站1 ~ 30號出口,25.0405457,121.5648419
559,自行車竊盜,1050729,19~21,台北市信義區興隆里忠孝東路5段國父紀念館1 ~ 30號出口,25.0413591,121.5574248
560,自行車竊盜,1050730,13~15,台北市松山區三民路43巷1 - 30號,25.056157,121.5627378
561,自行車竊盜,1050730,16~18,台北市北投區關渡里知行路61~90號,25.1183099,121.468683
562,自行車竊盜,1050731,01~03,台北市萬華區馬場町河濱公園,25.0186036,121.5033043
563,自行車竊盜,1050731,22~24,台北市內湖區安泰街56巷1 - 30號,25.0747119,121.6167191
564,自行車竊盜,1050801,19~21,台北市大安區龍雲里大安路2段121 ~ 150號,25.0292667,121.5458893
565,自行車竊盜,1050801,22~24,台北市士林區社新里社子街22巷31 - 60號,25.0868367,121.5068141
566,自行車竊盜,1050802,07~09,台北市大同區國順里迪化街2段151 ~ 180號,25.0672563,121.5103599
567,自行車竊盜,1050802,13~15,台北市萬華區康定路331 ~ 360號,25.0335638,121.500739
568,自行車竊盜,1050803,07~09,台北市萬華區西寧南路武昌街口,25.0479204,121.5064598
569,自行車竊盜,1050804,07~09,台北市大安區敦煌里仁愛路4段300巷1 ~ 30號,25.0364005,121.5542699
570,自行車竊盜,1050804,10~12,台北市大安區永康里信義路2段121 ~ 150號,25.0336639,121.528787
571,自行車竊盜,1050805,07~09,台北市萬華區西園路2段181 ~ 210號,25.027762,121.4950569
572,自行車竊盜,1050807,01~03,台北市大安區龍門里大安森林公園捷運站五號出口旁自行車停車場,25.033534,121.534869
573,自行車竊盜,1050807,13~15,台北市中山區錦州街1 ~ 30號,25.060202,121.5347007
574,自行車竊盜,1050816,04~06,台北市大安區虎嘯里敦化南路2段211 ~ 240號,25.0211028,121.5484597
575,自行車竊盜,1050816,07~09,台北市中正區建國里中華路1段61 ~ 90號,25.0412377,121.5082075
576,自行車竊盜,1050819,10~12,台北市文山區木柵里029鄰木柵路3段102巷1 ~ 30號,24.988498,121.56761
577,自行車竊盜,1050819,22~24,台北市文山區興邦里興隆路2段1 ~ 30號,25.0012454,121.5494736
578,自行車竊盜,1050821,10~12,台北市文山區順興里006鄰忠順街2段1 ~ 30號,24.984757,121.563782
579,自行車竊盜,1050821,16~18,台北市文山區木柵里029鄰木柵路3段102巷1 ~ 30號,24.988498,121.56761
580,自行車竊盜,1050822,10~12,台北市大安區敦煌里信義路4段211 ~ 240號,25.0332665,121.5522207
581,自行車竊盜,1050823,10~12,台北市南港區中研里研究院路2段61巷2弄1 ~ 30號,25.0436877,121.6166325
582,自行車竊盜,1050823,22~24,台北市南港區東明里南港路2段86巷內(南港郵局旁),25.0541271,121.6031995
583,自行車竊盜,1050824,07~09,台北市大安區通化里文昌街271 ~ 300號,25.0323459,121.556024
584,自行車竊盜,1050824,19~21,台北市文山區明義里022鄰木柵路2段2巷31 ~ 60號,24.988851,121.559671
585,自行車竊盜,1050825,07~09,台北市大安區義安里信義路與安和路口,25.033116,121.552798
586,自行車竊盜,1050826,04~06,台北市大同區保安里哈密街59巷31弄1 - 30號,25.0730457,121.5181453
587,自行車竊盜,1050826,22~24,台北市中山區松江路91 - 120號,25.050482,121.533312
588,自行車竊盜,1050827,16~18,台北市大安區光武里忠孝東路4段101巷1 - 30號,25.0428792,121.548011
589,自行車竊盜,1050827,16~18,台北市萬華區成都路漢中街口,25.045053,121.503097
590,自行車竊盜,1050829,16~18,台北市中山區北安路630巷9弄1 - 30號,25.083078,121.549491
591,自行車竊盜,1050830,19~21,台北市內湖區星雲街181 - 210號,25.0807588,121.5965535
592,自行車竊盜,1050901,07~09,台北市文山區忠順里016鄰忠順街2段85巷1 - 30號,24.986265,121.565566
593,自行車竊盜,1050902,04~06,台北市中正區板溪里羅斯福路與南昌路2段口,25.0238442,121.5247297
594,自行車竊盜,1050902,10~12,台北市北投區大同里光明路捷運北投站腳踏車停車場,25.13184,121.498632
595,自行車竊盜,1050904,19~21,台北市中正區黎明里捷運臺大醫院站1 - 30號出口,25.041256,121.51604
596,自行車竊盜,1050904,19~21,台北市信義區興隆里仁愛路4段481 - 510號,25.037222,121.561209
597,自行車竊盜,1050904,19~21,台北市北投區東華里東華街31段石牌捷運站東華街腳踏車停車場,25.1209394,121.5067974
598,自行車竊盜,1050907,10~12,台北市萬華區西門站,25.0456572,121.5077373
599,自行車竊盜,1050910,04~06,台北市大同區蓬萊里承德路民權西路,25.0629836,121.518363
600,自行車竊盜,1050910,10~12,台北市信義區永吉里松山路1 - 30號,25.047171,121.577435
601,自行車竊盜,1050910,16~18,台北市北投區開明里中和街241 - 270號,25.1402164,121.5006506
602,自行車竊盜,1050915,19~21,台北市大同區雙連里重慶北路2段151 - 180號,25.058404,121.513825
603,自行車竊盜,1050918,19~21,台北市大安區光信里仁愛路4段300巷31弄1 - 30號,25.035322,121.554564
604,自行車竊盜,1050921,07~09,台北市大安區龍泉里師大路1 - 30號,25.026164,121.5285658
605,自行車竊盜,1050923,07~09,台北市大安區龍圖里復興南路2段31 - 60號,25.0323629,121.5435029
606,自行車竊盜,1050924,13~15,台北市內湖區環山路1段91 - 120號,25.088573,121.5680606
607,自行車竊盜,1050929,16~18,台北市大安區華聲里忠孝東路4段301 - 330號,25.041621,121.555208